timestamp_utc,field_nt
2026-09-22T18:40:00Z,52512.902
2026-09-22T18:40:01Z,52513.031
2026-09-22T18:40:02Z,52513.080
2026-09-22T18:40:03Z,52512.960
2026-09-22T18:40:04Z,52512.895
2026-09-22T18:40:05Z,52512.997
2026-09-22T18:40:06Z,52513.041
2026-09-22T18:40:07Z,52513.091
2026-09-22T18:40:08Z,52512.906
2026-09-22T18:40:09Z,52512.900
2026-09-22T18:40:10Z,52513.060
2026-09-22T18:40:11Z,52513.042
2026-09-22T18:40:12Z,52513.128
2026-09-22T18:40:13Z,52513.084
2026-09-22T18:40:14Z,52512.997
2026-09-22T18:40:15Z,52512.984
2026-09-22T18:40:16Z,52513.212
2026-09-22T18:40:17Z,52512.984
2026-09-22T18:40:18Z,52512.944
2026-09-22T18:40:19Z,52512.917
2026-09-22T18:40:20Z,52513.016
2026-09-22T18:40:21Z,52513.020
2026-09-22T18:40:22Z,52512.981
2026-09-22T18:40:23Z,52513.004
2026-09-22T18:40:24Z,52513.031
2026-09-22T18:40:25Z,52513.065
2026-09-22T18:40:26Z,52513.098
2026-09-22T18:40:27Z,52513.028
2026-09-22T18:40:28Z,52512.868
2026-09-22T18:40:29Z,52513.068
2026-09-22T18:40:30Z,52512.898
2026-09-22T18:40:31Z,52512.999
2026-09-22T18:40:32Z,52512.895
2026-09-22T18:40:33Z,52513.013
2026-09-22T18:40:34Z,52512.951
2026-09-22T18:40:35Z,52513.031
2026-09-22T18:40:36Z,52513.278
2026-09-22T18:40:37Z,52513.011
2026-09-22T18:40:38Z,52513.083
2026-09-22T18:40:39Z,52512.910
2026-09-22T18:40:40Z,52512.993
2026-09-22T18:40:41Z,52513.069
2026-09-22T18:40:42Z,52513.009
2026-09-22T18:40:43Z,52513.047
2026-09-22T18:40:44Z,52513.026
2026-09-22T18:40:45Z,52512.938
2026-09-22T18:40:46Z,52513.063
2026-09-22T18:40:47Z,52512.954
2026-09-22T18:40:48Z,52513.169
2026-09-22T18:40:49Z,52512.979
2026-09-22T18:40:50Z,52513.075
2026-09-22T18:40:51Z,52513.021
2026-09-22T18:40:52Z,52513.097
2026-09-22T18:40:53Z,52512.973
2026-09-22T18:40:54Z,52513.102
2026-09-22T18:40:55Z,52513.012
2026-09-22T18:40:56Z,52513.123
2026-09-22T18:40:57Z,52513.073
2026-09-22T18:40:58Z,52513.035
2026-09-22T18:40:59Z,52512.961
2026-09-22T18:41:00Z,52513.085
2026-09-22T18:41:01Z,52513.062
2026-09-22T18:41:02Z,52513.156
2026-09-22T18:41:03Z,52512.995
2026-09-22T18:41:04Z,52513.070
2026-09-22T18:41:05Z,52513.067
2026-09-22T18:41:06Z,52513.049
2026-09-22T18:41:07Z,52513.043
2026-09-22T18:41:08Z,52513.042
2026-09-22T18:41:09Z,52512.980
2026-09-22T18:41:10Z,52512.947
2026-09-22T18:41:11Z,52512.997
2026-09-22T18:41:12Z,52513.076
2026-09-22T18:41:13Z,52513.150
2026-09-22T18:41:14Z,52513.108
2026-09-22T18:41:15Z,52513.114
2026-09-22T18:41:16Z,52513.093
2026-09-22T18:41:17Z,52513.087
2026-09-22T18:41:18Z,52513.046
2026-09-22T18:41:19Z,52513.093
2026-09-22T18:41:20Z,52513.174
2026-09-22T18:41:21Z,52513.006
2026-09-22T18:41:22Z,52512.977
2026-09-22T18:41:23Z,52513.190
2026-09-22T18:41:24Z,52513.053
2026-09-22T18:41:25Z,52513.112
2026-09-22T18:41:26Z,52513.104
2026-09-22T18:41:27Z,52512.944
2026-09-22T18:41:28Z,52513.230
2026-09-22T18:41:29Z,52513.178
2026-09-22T18:41:30Z,52513.050
2026-09-22T18:41:31Z,52513.097
2026-09-22T18:41:32Z,52513.047
2026-09-22T18:41:33Z,52512.966
2026-09-22T18:41:34Z,52513.029
2026-09-22T18:41:35Z,52513.068
2026-09-22T18:41:36Z,52513.128
2026-09-22T18:41:37Z,52513.096
2026-09-22T18:41:38Z,52513.044
2026-09-22T18:41:39Z,52513.148
2026-09-22T18:41:40Z,52512.979
2026-09-22T18:41:41Z,52513.104
2026-09-22T18:41:42Z,52513.130
2026-09-22T18:41:43Z,52513.018
2026-09-22T18:41:44Z,52512.898
2026-09-22T18:41:45Z,52512.969
2026-09-22T18:41:46Z,52513.061
2026-09-22T18:41:47Z,52513.085
2026-09-22T18:41:48Z,52513.167
2026-09-22T18:41:49Z,52512.963
2026-09-22T18:41:50Z,52513.044
2026-09-22T18:41:51Z,52513.096
2026-09-22T18:41:52Z,52513.032
2026-09-22T18:41:53Z,52512.856
2026-09-22T18:41:54Z,52513.110
2026-09-22T18:41:55Z,52513.231
2026-09-22T18:41:56Z,52513.127
2026-09-22T18:41:57Z,52512.973
2026-09-22T18:41:58Z,52513.014
2026-09-22T18:41:59Z,52513.065
2026-09-22T18:42:00Z,52513.247
2026-09-22T18:42:01Z,52513.098
2026-09-22T18:42:02Z,52513.058
2026-09-22T18:42:03Z,52513.174
2026-09-22T18:42:04Z,52513.043
2026-09-22T18:42:05Z,52513.199
2026-09-22T18:42:06Z,52512.996
2026-09-22T18:42:07Z,52513.013
2026-09-22T18:42:08Z,52513.109
2026-09-22T18:42:09Z,52513.166
2026-09-22T18:42:10Z,52513.104
2026-09-22T18:42:11Z,52513.077
2026-09-22T18:42:12Z,52512.907
2026-09-22T18:42:13Z,52512.996
2026-09-22T18:42:14Z,52513.005
2026-09-22T18:42:15Z,52513.011
2026-09-22T18:42:16Z,52513.101
2026-09-22T18:42:17Z,52513.028
2026-09-22T18:42:18Z,52513.118
2026-09-22T18:42:19Z,52513.062
2026-09-22T18:42:20Z,52513.029
2026-09-22T18:42:21Z,52513.066
2026-09-22T18:42:22Z,52513.091
2026-09-22T18:42:23Z,52513.126
2026-09-22T18:42:24Z,52513.019
2026-09-22T18:42:25Z,52513.039
2026-09-22T18:42:26Z,52512.949
2026-09-22T18:42:27Z,52513.187
2026-09-22T18:42:28Z,52513.175
2026-09-22T18:42:29Z,52513.045
2026-09-22T18:42:30Z,52513.022
2026-09-22T18:42:31Z,52512.962
2026-09-22T18:42:32Z,52513.074
2026-09-22T18:42:33Z,52513.078
2026-09-22T18:42:34Z,52513.236
2026-09-22T18:42:35Z,52513.082
2026-09-22T18:42:36Z,52513.000
2026-09-22T18:42:37Z,52512.867
2026-09-22T18:42:38Z,52513.176
2026-09-22T18:42:39Z,52513.079
2026-09-22T18:42:40Z,52512.935
2026-09-22T18:42:41Z,52513.079
2026-09-22T18:42:42Z,52512.936
2026-09-22T18:42:43Z,52513.344
2026-09-22T18:42:44Z,52513.155
2026-09-22T18:42:45Z,52513.112
2026-09-22T18:42:46Z,52513.052
2026-09-22T18:42:47Z,52512.896
2026-09-22T18:42:48Z,52513.057
2026-09-22T18:42:49Z,52512.943
2026-09-22T18:42:50Z,52513.116
2026-09-22T18:42:51Z,52512.897
2026-09-22T18:42:52Z,52512.996
2026-09-22T18:42:53Z,52513.167
2026-09-22T18:42:54Z,52513.201
2026-09-22T18:42:55Z,52512.976
2026-09-22T18:42:56Z,52512.948
2026-09-22T18:42:57Z,52513.141
2026-09-22T18:42:58Z,52513.139
2026-09-22T18:42:59Z,52512.993
2026-09-22T18:43:00Z,52513.016
2026-09-22T18:43:01Z,52513.017
2026-09-22T18:43:02Z,52512.978
2026-09-22T18:43:03Z,52513.019
2026-09-22T18:43:04Z,52513.174
2026-09-22T18:43:05Z,52513.129
2026-09-22T18:43:06Z,52513.239
2026-09-22T18:43:07Z,52513.068
2026-09-22T18:43:08Z,52513.064
2026-09-22T18:43:09Z,52512.997
2026-09-22T18:43:10Z,52513.066
2026-09-22T18:43:11Z,52512.971
2026-09-22T18:43:12Z,52512.935
2026-09-22T18:43:13Z,52513.133
2026-09-22T18:43:14Z,52513.193
2026-09-22T18:43:15Z,52513.145
2026-09-22T18:43:16Z,52513.185
2026-09-22T18:43:17Z,52513.099
2026-09-22T18:43:18Z,52513.022
2026-09-22T18:43:19Z,52513.087
2026-09-22T18:43:20Z,52513.050
2026-09-22T18:43:21Z,52512.991
2026-09-22T18:43:22Z,52512.945
2026-09-22T18:43:23Z,52512.963
2026-09-22T18:43:24Z,52513.081
2026-09-22T18:43:25Z,52513.094
2026-09-22T18:43:26Z,52513.044
2026-09-22T18:43:27Z,52513.197
2026-09-22T18:43:28Z,52513.098
2026-09-22T18:43:29Z,52513.130
2026-09-22T18:43:30Z,52513.181
2026-09-22T18:43:31Z,52513.019
2026-09-22T18:43:32Z,52512.927
2026-09-22T18:43:33Z,52513.145
2026-09-22T18:43:34Z,52513.031
2026-09-22T18:43:35Z,52513.191
2026-09-22T18:43:36Z,52513.113
2026-09-22T18:43:37Z,52513.167
2026-09-22T18:43:38Z,52513.148
2026-09-22T18:43:39Z,52512.921
2026-09-22T18:43:40Z,52513.146
2026-09-22T18:43:41Z,52513.035
2026-09-22T18:43:42Z,52513.028
2026-09-22T18:43:43Z,52513.054
2026-09-22T18:43:44Z,52513.151
2026-09-22T18:43:45Z,52513.161
2026-09-22T18:43:46Z,52513.171
2026-09-22T18:43:47Z,52512.958
2026-09-22T18:43:48Z,52513.044
2026-09-22T18:43:49Z,52512.902
2026-09-22T18:43:50Z,52513.084
2026-09-22T18:43:51Z,52513.140
2026-09-22T18:43:52Z,52513.032
2026-09-22T18:43:53Z,52513.113
2026-09-22T18:43:54Z,52513.112
2026-09-22T18:43:55Z,52513.175
2026-09-22T18:43:56Z,52513.029
2026-09-22T18:43:57Z,52513.028
2026-09-22T18:43:58Z,52513.034
2026-09-22T18:43:59Z,52513.236
2026-09-22T18:44:00Z,52513.183
2026-09-22T18:44:01Z,52513.087
2026-09-22T18:44:02Z,52513.115
2026-09-22T18:44:03Z,52513.106
2026-09-22T18:44:04Z,52513.114
2026-09-22T18:44:05Z,52513.081
2026-09-22T18:44:06Z,52513.072
2026-09-22T18:44:07Z,52512.998
2026-09-22T18:44:08Z,52513.048
2026-09-22T18:44:09Z,52513.232
2026-09-22T18:44:10Z,52513.143
2026-09-22T18:44:11Z,52513.106
2026-09-22T18:44:12Z,52513.084
2026-09-22T18:44:13Z,52513.106
2026-09-22T18:44:14Z,52513.130
2026-09-22T18:44:15Z,52513.050
2026-09-22T18:44:16Z,52513.118
2026-09-22T18:44:17Z,52513.122
2026-09-22T18:44:18Z,52513.043
2026-09-22T18:44:19Z,52513.040
2026-09-22T18:44:20Z,52513.024
2026-09-22T18:44:21Z,52513.019
2026-09-22T18:44:22Z,52513.176
2026-09-22T18:44:23Z,52512.916
2026-09-22T18:44:24Z,52513.084
2026-09-22T18:44:25Z,52513.057
2026-09-22T18:44:26Z,52513.057
2026-09-22T18:44:27Z,52513.115
2026-09-22T18:44:28Z,52513.197
2026-09-22T18:44:29Z,52513.114
2026-09-22T18:44:30Z,52513.097
2026-09-22T18:44:31Z,52513.059
2026-09-22T18:44:32Z,52513.098
2026-09-22T18:44:33Z,52513.182
2026-09-22T18:44:34Z,52513.078
2026-09-22T18:44:35Z,52513.018
2026-09-22T18:44:36Z,52513.009
2026-09-22T18:44:37Z,52513.022
2026-09-22T18:44:38Z,52513.000
2026-09-22T18:44:39Z,52513.200
2026-09-22T18:44:40Z,52513.140
2026-09-22T18:44:41Z,52513.093
2026-09-22T18:44:42Z,52513.230
2026-09-22T18:44:43Z,52513.061
2026-09-22T18:44:44Z,52513.174
2026-09-22T18:44:45Z,52513.178
2026-09-22T18:44:46Z,52512.991
2026-09-22T18:44:47Z,52512.990
2026-09-22T18:44:48Z,52513.041
2026-09-22T18:44:49Z,52513.188
2026-09-22T18:44:50Z,52513.220
2026-09-22T18:44:51Z,52513.018
2026-09-22T18:44:52Z,52513.201
2026-09-22T18:44:53Z,52513.087
2026-09-22T18:44:54Z,52513.086
2026-09-22T18:44:55Z,52513.074
2026-09-22T18:44:56Z,52513.092
2026-09-22T18:44:57Z,52512.973
2026-09-22T18:44:58Z,52513.039
2026-09-22T18:44:59Z,52513.021
